zona,anio,cuadrantes,area_ha,hfrio_19,hfrio_15,hfrio_14,hfrio_14_19,hac_20_25,hac_25,t_prom,t_min,t_max,humedad,lluvia,eto
la_joya,2001,7,20631.1,5189.96,1025.34,520.29,4669.67,2620.88,274.47,18.65,14.9,23.82,58.62,244.74,1593.37
la_joya,2002,7,20631.1,4891.81,904.68,434.14,4457.67,2659.84,484.58,19.0,15.07,24.32,57.21,152.41,1652.16
la_joya,2003,7,20631.1,4653.22,795.63,418.28,4234.94,2773.41,572.99,19.31,15.2,24.7,55.57,81.86,1676.41
la_joya,2004,7,20631.1,4961.8,983.88,500.77,4461.03,2626.36,487.42,18.96,14.77,24.41,54.69,84.46,1674.08
la_joya,2005,7,20631.1,5039.92,1001.46,515.97,4523.95,2695.16,350.88,18.81,14.83,24.14,57.74,121.5,1632.02
la_joya,2006,7,20631.1,5148.63,1073.52,582.16,4566.47,2649.8,279.14,18.65,14.78,23.82,56.55,170.21,1581.76
la_joya,2007,7,20631.1,4750.68,747.65,323.5,4427.18,2790.4,481.93,19.23,15.19,24.58,55.04,68.55,1673.12
la_joya,2008,7,20631.1,5455.43,1247.92,659.38,4796.06,2398.78,255.24,18.33,14.52,23.38,56.42,234.12,1561.91
la_joya,2009,7,20631.1,5354.75,1061.49,543.51,4811.24,2539.26,221.2,18.46,14.63,23.54,58.84,233.59,1563.21
la_joya,2010,6,18794.9,4670.66,838.78,449.53,4221.13,2678.72,622.97,19.29,15.25,24.62,56.07,65.73,1658.07
la_joya,2011,6,18794.9,5495.21,1138.92,589.42,4905.79,2454.44,173.4,18.29,14.74,23.28,57.76,165.38,1546.01
la_joya,2012,6,18794.9,5138.85,1051.47,522.27,4616.58,2594.68,319.81,18.7,15.0,23.74,59.49,186.32,1576.92
la_joya,2013,6,18794.9,4886.63,773.24,378.96,4507.66,2751.17,413.12,19.08,15.29,24.25,56.84,144.4,1634.44
la_joya,2014,6,18794.9,5198.34,984.57,484.98,4713.36,2640.13,305.82,18.72,14.89,23.99,57.63,78.63,1625.36
la_joya,2015,6,18794.9,4696.75,545.31,221.77,4474.99,2733.11,503.16,19.28,15.46,24.26,57.84,264.32,1604.66
la_joya,2016,6,18794.9,4008.33,620.84,343.6,3664.72,2884.32,926.28,19.92,15.86,25.24,54.62,126.37,1727.3
la_joya,2017,6,18794.9,4844.38,658.82,306.62,4537.76,2678.69,421.38,19.11,15.44,24.01,59.3,300.2,1561.33
la_joya,2018,6,18794.9,4880.15,686.14,319.44,4560.71,2748.37,418.77,19.09,15.29,24.19,55.47,126.98,1628.24
la_joya,2019,6,18794.9,4520.54,558.09,237.79,4282.74,2771.5,615.64,19.52,15.56,24.6,54.94,239.63,1659.81
la_joya,2020,6,18794.9,4489.32,608.78,295.44,4193.88,2784.92,628.21,19.48,15.65,24.54,55.67,227.12,1648.59
la_joya,2021,6,18794.9,5056.47,932.28,442.76,4613.71,2673.14,361.25,18.86,14.98,23.98,53.93,87.74,1651.72
la_joya,2022,6,18794.9,5036.67,884.79,446.08,4590.59,2709.37,351.24,18.86,14.95,24.01,51.53,83.42,1672.31
la_joya,2023,6,18794.9,4845.82,839.34,412.69,4433.13,2818.66,394.88,19.07,15.05,24.15,53.24,167.13,1647.89
la_joya,2024,6,18794.9,3733.25,428.58,179.33,3553.91,3007.89,959.53,20.17,16.07,25.36,53.38,112.16,1715.14
la_joya,2025,7,20631.1,4334.56,625.33,341.48,3993.08,2912.16,580.52,19.55,15.5,24.57,51.36,231.27,1685.6
la_joya,2026,7,20631.1,4504.0,616.89,309.34,4194.66,2761.57,686.91,19.52,15.25,24.68,51.61,265.49,1709.28
majes,2001,2,12671.5,5629.18,1926.06,1125.19,4503.99,2463.08,150.56,17.94,14.24,23.53,67.02,37.6,1516.62
majes,2002,2,12671.5,5481.57,1785.28,962.53,4519.04,2355.59,352.81,18.21,14.39,23.9,65.68,34.6,1561.28
majes,2003,2,12671.5,5330.53,1427.58,749.41,4581.12,2542.08,337.96,18.49,14.54,24.19,64.18,17.8,1569.0
majes,2004,2,12671.5,5554.22,1791.26,1022.63,4531.59,2415.5,313.14,18.17,14.17,23.99,64.48,15.7,1577.32
majes,2005,2,12671.5,5523.93,1844.62,1003.92,4520.01,2407.35,280.23,18.11,14.23,23.84,66.12,26.0,1547.57
majes,2006,2,12671.5,5630.05,2059.13,1236.16,4393.89,2389.55,192.37,17.92,14.09,23.61,65.76,23.8,1522.94
majes,2007,1,3437.0,5660.0,2019.0,1113.0,4547.0,2370.0,215.0,17.94,14.15,23.66,68.42,14.6,1532.02
majes,2008,1,3437.0,6111.0,2624.0,1763.0,4348.0,2097.0,59.0,17.15,13.47,22.64,68.87,45.4,1445.1
majes,2009,1,3437.0,5867.0,2307.0,1481.0,4386.0,2275.0,102.0,17.54,13.82,23.12,70.17,37.9,1472.71
majes,2010,1,3437.0,5652.0,1953.0,1175.0,4477.0,2267.0,307.0,17.99,14.26,23.57,69.76,25.6,1488.05
majes,2011,1,3437.0,6055.0,2590.0,1769.0,4286.0,2171.0,52.0,17.18,13.58,22.7,70.21,38.4,1456.44
majes,2012,1,3437.0,5740.0,2014.0,1195.0,4545.0,2335.0,155.0,17.83,14.27,23.31,70.36,50.1,1477.44
majes,2013,1,3437.0,5688.0,2115.0,1133.0,4555.0,2321.0,195.0,17.86,14.23,23.38,70.37,51.8,1503.28
majes,2014,1,3437.0,5878.0,2298.0,1382.0,4496.0,2292.0,133.0,17.57,13.88,23.2,69.22,13.1,1508.5
majes,2015,1,3437.0,5513.0,1516.0,725.0,4788.0,2507.0,179.0,18.2,14.58,23.52,69.41,80.3,1475.72
majes,2016,1,3437.0,5083.0,1450.0,782.0,4301.0,2482.0,586.0,18.76,14.78,24.47,65.95,23.8,1599.34
majes,2017,1,3437.0,5394.0,1638.0,856.0,4538.0,2500.0,262.0,18.31,14.57,23.81,68.49,57.8,1512.88
majes,2018,1,3437.0,5611.0,1892.0,1144.0,4467.0,2433.0,212.0,17.96,14.07,23.62,66.86,25.7,1545.4
majes,2019,1,3437.0,5409.0,1682.0,837.0,4572.0,2514.0,302.0,18.36,14.47,23.98,66.45,55.4,1549.58
majes,2020,1,3437.0,5451.0,1551.0,935.0,4516.0,2522.0,271.0,18.35,14.61,23.86,67.19,91.9,1528.9
majes,2021,1,3437.0,5712.0,2256.0,1432.0,4280.0,2334.0,213.0,17.73,13.76,23.45,65.53,29.1,1567.83
majes,2022,1,3437.0,5766.0,2390.0,1440.0,4326.0,2368.0,155.0,17.62,13.65,23.33,64.08,27.9,1565.97
majes,2023,1,3437.0,5493.0,2233.0,1419.0,4074.0,2446.0,272.0,17.96,13.84,23.74,64.84,62.1,1582.86
majes,2024,1,3437.0,4973.0,1433.0,751.0,4222.0,2513.0,655.0,18.88,14.58,24.8,65.46,48.5,1619.96
majes,2025,2,12671.5,5277.39,1633.82,922.29,4355.1,2562.2,336.27,18.41,14.02,24.08,60.41,71.5,1616.74
majes,2026,2,12671.5,5337.44,1779.63,961.04,4376.4,2609.84,301.29,18.34,13.95,24.08,61.19,109.3,1616.8
